insert into "ACCOUNT" ("accountNumber", "password") values ('Janko123_23', 'u3nY0phrLYN5' );
insert into "ACCOUNT" ("accountNumber", "password") values ('alucius0_23', 'u3nY0phrLYN5' );
insert into "ACCOUNT" ("accountNumber", "password") values ('alemmanbie1_23', '4jb9X2amjPU' );
insert into "ACCOUNT" ("accountNumber", "password") values ('nshillaber2_23', 'QEOC8qN' );
insert into "ACCOUNT" ("accountNumber", "password") values ('pgood3_23', 'thqBPEy0Ki5' );
insert into "ACCOUNT" ("accountNumber", "password") values ('dbittlestone4_23', 'l6laxdae' );
insert into "ACCOUNT" ("accountNumber", "password") values ('iprisley5_23', 'uJlRCCm' );
insert into "ACCOUNT" ("accountNumber", "password") values ('gsoppitt6_23', 'rFIGCy' );
insert into "ACCOUNT" ("accountNumber", "password") values ('koshee7_23', 'MEZgjLSNB7Pj' );
insert into "ACCOUNT" ("accountNumber", "password") values ('jsauven8_23', 'vYDfObS' );
insert into "ACCOUNT" ("accountNumber", "password") values ('malexsandrovich9_23', '2Qy8KI' );

insert into "USER" ("loginName", "nameSurname", "birthday", "email","accountNumber") values ('Janko123','Jan Novak', TO_DATE('0244/06/08', 'yyyy-mm-dd'), 'janko@php.net','Janko123_23');
insert into "USER" ("loginName", "nameSurname", "birthday", "email","accountNumber") values ('alucius0','Adan Lucius', TO_DATE('0244/06/08', 'yyyy-mm-dd'), 'alucius0@php.net','alucius0_23');
insert into "USER" ("loginName", "nameSurname", "birthday", "email","accountNumber") values ('alemmanbie1','Ashil Lemmanbie', TO_DATE('0914/03/30', 'yyyy-mm-dd'), 'alemmanbie1@cdbaby.com','alemmanbie1_23');
insert into "USER" ("loginName", "nameSurname", "birthday", "email","accountNumber") values ('nshillaber2','Nerty Shillaber', TO_DATE('1518/02/17', 'yyyy-mm-dd'), 'nshillaber2@bloglovin.com','nshillaber2_23');
insert into "USER" ("loginName", "nameSurname", "birthday", "email","accountNumber") values ('pgood3','Pammie Good', TO_DATE('1734/01/17', 'yyyy-mm-dd'), 'pgood3@yolasite.com','pgood3_23');
insert into "USER" ("loginName", "nameSurname", "birthday", "email","accountNumber") values ('dbittlestone4','Dagny Bittlestone', TO_DATE('0398/02/20', 'yyyy-mm-dd'), 'dbittlestone4@cnn.com','dbittlestone4_23');
insert into "USER" ("loginName", "nameSurname", "birthday", "email","accountNumber") values ('iprisley5','Isidore Prisley', TO_DATE('0526/02/28', 'yyyy-mm-dd'), 'iprisley5@dedecms.com','iprisley5_23');
insert into "USER" ("loginName", "nameSurname", "birthday", "email","accountNumber") values ('gsoppitt6','Georgianne Soppitt', TO_DATE('1769/09/28', 'yyyy-mm-dd'), 'gsoppitt6@nbcnews.com','gsoppitt6_23');
insert into "USER" ("loginName", "nameSurname", "birthday", "email","accountNumber") values ('koshee7','Kellie OShee', TO_DATE('1046/09/30', 'yyyy-mm-dd'), 'koshee7@histats.com','koshee7_23');
insert into "USER" ("loginName", "nameSurname", "birthday", "email","accountNumber") values ('jsauven8','Janaye Sauven', TO_DATE('0140/09/04', 'yyyy-mm-dd'), 'jsauven8@ihg.com','jsauven8_23');
insert into "USER" ("loginName", "nameSurname", "birthday", "email","accountNumber") values ('malexsandrovich9', 'Meir Alexsandrovich', TO_DATE('1398/07/15', 'yyyy-mm-dd'), 'malexsandrovich9@ifeng.com','malexsandrovich9_23');

INSERT INTO "PAGE"("pageName", "accountNumber") VALUES ('Janko123ADS'   ,'Janko123_23');
INSERT INTO "PAGE"("pageName", "accountNumber") VALUES ('aluciusADS'   ,'alucius0_23');
INSERT INTO "PAGE"("pageName", "accountNumber") VALUES ('alemmanbieADS'   ,'alemmanbie1_23');
INSERT INTO "PAGE"("pageName", "accountNumber") VALUES ('nshillaberADS'   ,'nshillaber2_23');
INSERT INTO "PAGE"("pageName", "accountNumber") VALUES ('pgoodADS'   ,'pgood3_23');
INSERT INTO "PAGE"("pageName", "accountNumber") VALUES ('dbittlestoneADS'   ,'dbittlestone4_23');
INSERT INTO "PAGE"("pageName", "accountNumber") VALUES ('iprisleyADS'   ,'iprisley5_23');
INSERT INTO "PAGE"("pageName", "accountNumber") VALUES ('gsoppittADS'   ,'gsoppitt6_23');
INSERT INTO "PAGE"("pageName", "accountNumber") VALUES ('kosheeADS'   ,'koshee7_23');
INSERT INTO "PAGE"("pageName", "accountNumber") VALUES ('jsauvenADS'   ,'jsauven8_23');
INSERT INTO "PAGE"("pageName", "accountNumber") VALUES ('malexsandrovichADS'   ,'malexsandrovich9_23');


INSERT INTO "PERMISSIONS" ("pageName", "accountNumber", "permissionsAccountNumber") VALUES ('Janko123ADS','Janko123_23','Janko123_23' );
INSERT INTO "PERMISSIONS" ("pageName", "accountNumber", "permissionsAccountNumber") VALUES ('aluciusADS','alucius0_23','alucius0_23' );
INSERT INTO "PERMISSIONS" ("pageName", "accountNumber", "permissionsAccountNumber") VALUES ('alemmanbieADS','alemmanbie1_23','alemmanbie1_23' );
INSERT INTO "PERMISSIONS" ("pageName", "accountNumber", "permissionsAccountNumber") VALUES ('nshillaberADS','nshillaber2_23','nshillaber2_23' );
INSERT INTO "PERMISSIONS" ("pageName", "accountNumber", "permissionsAccountNumber") VALUES ('pgoodADS','pgood3_23','pgood3_23' );
INSERT INTO "PERMISSIONS" ("pageName", "accountNumber", "permissionsAccountNumber") VALUES ('dbittlestoneADS','dbittlestone4_23','dbittlestone4_23' );
INSERT INTO "PERMISSIONS" ("pageName", "accountNumber", "permissionsAccountNumber") VALUES ('iprisleyADS','iprisley5_23','iprisley5_23' );
INSERT INTO "PERMISSIONS" ("pageName", "accountNumber", "permissionsAccountNumber") VALUES ('gsoppittADS','gsoppitt6_23','gsoppitt6_23' );
INSERT INTO "PERMISSIONS" ("pageName", "accountNumber", "permissionsAccountNumber") VALUES ('kosheeADS','koshee7_23','koshee7_23' );
INSERT INTO "PERMISSIONS" ("pageName", "accountNumber", "permissionsAccountNumber") VALUES ('jsauvenADS','jsauven8_23','jsauven8_23' );
INSERT INTO "PERMISSIONS" ("pageName", "accountNumber", "permissionsAccountNumber") VALUES ('malexsandrovichADS','malexsandrovich9_23','malexsandrovich9_23' );

INSERT INTO "COMPANY_ACCOUNT"("accountNumber", "companyName") VALUES ('Janko123_23', 'Google');
INSERT INTO "COMPANY_ACCOUNT"("accountNumber", "companyName") VALUES ('alucius0_23', 'Meevee');
INSERT INTO "COMPANY_ACCOUNT"("accountNumber", "companyName") VALUES ('alemmanbie1_23', 'Skajo');
INSERT INTO "COMPANY_ACCOUNT"("accountNumber", "companyName") VALUES ('nshillaber2_23', 'Yacero');
INSERT INTO "COMPANY_ACCOUNT"("accountNumber", "companyName") VALUES ('pgood3_23', 'Jabberstorm');
INSERT INTO "COMPANY_ACCOUNT"("accountNumber", "companyName") VALUES ('dbittlestone4_23', 'Dabtype');
INSERT INTO "COMPANY_ACCOUNT"("accountNumber", "companyName") VALUES ('iprisley5_23', 'Chatterpoint');
INSERT INTO "COMPANY_ACCOUNT"("accountNumber", "companyName") VALUES ('gsoppitt6_23', 'Myworks');
INSERT INTO "COMPANY_ACCOUNT"("accountNumber", "companyName") VALUES ('koshee7_23', 'Meeveo');
INSERT INTO "COMPANY_ACCOUNT"("accountNumber", "companyName") VALUES ('jsauven8_23', 'Zoombeat');
INSERT INTO "COMPANY_ACCOUNT"("accountNumber", "companyName") VALUES ('malexsandrovich9_23', 'Zoozzy');



INSERT INTO "PERSONAL_ACCOUNT"("accountNumber") VALUES ('Janko123_23');
insert into "PERSONAL_ACCOUNT" ("accountNumber") values ('alucius0_23');
insert into "PERSONAL_ACCOUNT" ("accountNumber") values ('alemmanbie1_23');
insert into "PERSONAL_ACCOUNT" ("accountNumber") values ('nshillaber2_23');
insert into "PERSONAL_ACCOUNT" ("accountNumber") values ('pgood3_23');
insert into "PERSONAL_ACCOUNT" ("accountNumber") values ('dbittlestone4_23');
insert into "PERSONAL_ACCOUNT" ("accountNumber") values ('iprisley5_23');
insert into "PERSONAL_ACCOUNT" ("accountNumber") values ('gsoppitt6_23');
insert into "PERSONAL_ACCOUNT" ("accountNumber") values ('koshee7_23');
insert into "PERSONAL_ACCOUNT" ("accountNumber") values ('jsauven8_23');
insert into "PERSONAL_ACCOUNT" ("accountNumber") values ('malexsandrovich9_23');


INSERT INTO "ADVERTISEMENT" ("pageName", "accountNumber","creatorsAccountNumber") VALUES ('Janko123ADS'   ,'Janko123_23', 'Janko123_23');
INSERT INTO "ADVERTISEMENT" ("pageName", "accountNumber","creatorsAccountNumber") VALUES ('aluciusADS'   ,'alucius0_23', 'alucius0_23');
INSERT INTO "ADVERTISEMENT" ("pageName", "accountNumber","creatorsAccountNumber") VALUES ('alemmanbieADS'   ,'alemmanbie1_23', 'alemmanbie1_23');
INSERT INTO "ADVERTISEMENT" ("pageName", "accountNumber","creatorsAccountNumber") VALUES ('nshillaberADS'   ,'nshillaber2_23', 'nshillaber2_23');
INSERT INTO "ADVERTISEMENT" ("pageName", "accountNumber","creatorsAccountNumber") VALUES ('pgoodADS'   ,'pgood3_23', 'pgood3_23');
INSERT INTO "ADVERTISEMENT" ("pageName", "accountNumber","creatorsAccountNumber") VALUES ('dbittlestoneADS'   ,'dbittlestone4_23', 'dbittlestone4_23');
INSERT INTO "ADVERTISEMENT" ("pageName", "accountNumber","creatorsAccountNumber") VALUES ('iprisleyADS'   ,'iprisley5_23', 'iprisley5_23');
INSERT INTO "ADVERTISEMENT" ("pageName", "accountNumber","creatorsAccountNumber") VALUES ('gsoppittADS'   ,'gsoppitt6_23', 'gsoppitt6_23');
INSERT INTO "ADVERTISEMENT" ("pageName", "accountNumber","creatorsAccountNumber") VALUES ('kosheeADS'   ,'koshee7_23', 'koshee7_23');
INSERT INTO "ADVERTISEMENT" ("pageName", "accountNumber","creatorsAccountNumber") VALUES ('jsauvenADS'   ,'jsauven8_23', 'jsauven8_23');
INSERT INTO "ADVERTISEMENT" ("pageName", "accountNumber","creatorsAccountNumber") VALUES ('malexsandrovichADS'   ,'malexsandrovich9_23', 'malexsandrovich9_23');






